{
  "ibkr_connection": {
    "host": "127.0.0.1",
    "port": 7497,
    "client_id": 1,
    "connection_timeout": 20,
    "use_ib_insync": true
  },
  "trading_config": {
    "symbol": "ES",
    "exchange": "CME",
    "sec_type": "FUT",
    "paper_trading": true,
    "session": "LONDON_NO_OPTIONS"
  },
  "features_config": {
    "gamma_levels_proximity": 0.0,
    "volume_confirmation": 0.35,
    "vwap_trend_signal": 0.22,
    "sierra_pattern_strength": 0.22,
    "smart_money_strength": 0.17,
    "level_proximity": 0.1,
    "es_nq_correlation": 0.1,
    "order_book_imbalance": 0.21,
    "session_context": 0.04,
    "pullback_quality": 0.02
  },
  "session_info": {
    "start_time": "2025-08-14T15:29:53.505841",
    "tws_connection": true,
    "options_disabled": true,
    "reason": "Session London sans donn\u00e9es options SPX"
  }
}